<?xml version="1.0" encoding="UTF-8"?>
<project-private xmlns="http://www.netbeans.org/ns/project-private/1">
    <editor-bookmarks xmlns="http://www.netbeans.org/ns/editor-bookmarks/2" lastBookmarkId="0"/>
    <open-files xmlns="http://www.netbeans.org/ns/projectui-open-files/2">
        <group>
            <file>file:/D:/Studia/Rok%203/ZPO/Kolos/Watki/src/watki/Kolejka.java</file>
            <file>file:/D:/Studia/Rok%203/ZPO/Kolos/Watki/src/watki/A.java</file>
            <file>file:/D:/Studia/Rok%203/ZPO/Kolos/Watki/src/watki/B.java</file>
            <file>file:/D:/Studia/Rok%203/ZPO/Kolos/Watki/src/watki/Watki.java</file>
        </group>
    </open-files>
</project-private>
